                  epoch,         train/box_loss,         train/cls_loss,         train/dfl_loss,   metrics/precision(B),      metrics/recall(B),       metrics/mAP50(B),    metrics/mAP50-95(B),           val/box_loss,           val/cls_loss,           val/dfl_loss,                 lr/pg0,                 lr/pg1,                 lr/pg2
                      1,                 1.3648,                  2.492,                 1.5349,                0.43734,                0.35847,                0.33007,                0.16522,                 1.6173,                 2.4123,                 1.8728,             0.00055261,             0.00055261,             0.00055261
                      2,                 1.3147,                 1.8612,                 1.4873,                0.50298,                 0.3504,                 0.3597,                0.19799,                 1.6037,                 1.9308,                 1.7555,             0.00055968,             0.00055968,             0.00055968
